{"cameraMode":{"drawMode":0,"name":"Shaded","section":"Shading Mode"},"sceneLighting":true,"audioPlay":false,"sceneViewState":{"m_AlwaysRefresh":false,"showFog":true,"showSkybox":true,"showFlares":true,"showImageEffects":true,"showParticleSystems":true,"showVisualEffectGraphs":true,"m_FxEnabled":true},"in2DMode":false,"pivot":{"x":14.444272994995118,"y":8.963268280029297,"z":2.7850046157836916},"rotation":{"x":0.12391554564237595,"y":-0.8749187588691711,"z":0.30586159229278567,"w":0.3544570803642273},"size":1.1937931776046754,"orthographic":false}